<PE_PROJECT_SETTINGS_DOCUMENTATION>
  <PE_product_version v="version 3.02 for Freescale HCS12(X) family"/>
  <PE_core_version v="Processor Expert Version 0444"/>

  <CPU_Bean name="Cpu" type="MC9S12C32_80">
    <Enabled v="Y"/>

    <Properties>
      <Component_name v="Cpu"/>
      <CPU_type v="MC9S12C32CFU16"/>
      <list name="Shared CRG module settings" v="1">
        <group name="Clock settings">
          <group name="Input clock">
            <Clock_type v="External clock source"/>
            <Clock_frequency__MHz_ v="12"/>
            <group name="Clock input pin">
              <Pin v="EXTAL"/>
              <Pin_signal v=""/>
            </group>
            <group name="Clock output pin">
              <Pin v="XTAL"/>
              <Pin_signal v=""/>
            </group>
          </group>
          <group name="Output clock">
            <boolgroup name="External clock" v="Enabled">
              <ECLK_pin v="PE4_ECLK"/>
              <ECLK_pin_signal v=""/>
            </boolgroup>
          </group>
          <group name="Low-power modes settings">
            <Pseudo_stop v="no"/>
            <System_clocks_stop_in_wait_mode v="no"/>
            <Reduced_oscillator_amplitude_in_wait_mode v="no"/>
            <Core_stops_in_wait_mode v="no"/>
            <PLL_stops_in_wait_mode v="no"/>
          </group>
          <Clock_monitor v="Enter Self clock mode"/>
        </group>
      </list>
      <Initialization_priority v="interrupts enabled"/>
      <list name="Shared Internal Resource Mapping With EEPROM" v="1">
        <group name="Internal resource mapping">
          <Register_block_mapping v="$0000"/>
          <Internal_RAM_mapping v="$3800"/>
          <boolgroup name="Internal FLASH" v="yes">
            <Half_memory_only v="no"/>
          </boolgroup>
          <group name="Interrupt vector table">
            <Address v="65408"/>
            <Size v="128"/>
          </group>
        </group>
      </list>
      <list name="Shared MEBI module settings" v="1">
        <group name="Operating mode and external bus settings">
          <Boot_operating_mode v="Special Single Chip"/>
          <boolgroup name="Operating mode switching" v="no" />
          <enumgroup name="External bus settings" v="Special Single Chip">
          </enumgroup>
        </group>
      </list>
      <group name="Internal peripherals">
        <list name="Shared BDM module settings" v="1">
          <group name="BDM Debug support">
            <Stop_COP_and_RTI_in_Active_BDM_mode v="no"/>
          </group>
        </list>
        <list name="Shared I/O settings" v="1">
          <group name="I/O module">
            <list name="Shared Unused I/O" v="1">
              <enumgroup name="Initialize unused I/O pins" v="no initialization">
              </enumgroup>
            </list>
            <group name="PORT A">
              <Reduced_drive_for_port_A v="no"/>
            </group>
            <group name="PORT AD0">
              <Reduced_drive_for_PAD00 v="no"/>
              <Reduced_drive_for_PAD01 v="no"/>
              <Reduced_drive_for_PAD02 v="no"/>
              <Reduced_drive_for_PAD03 v="no"/>
              <Reduced_drive_for_PAD04 v="no"/>
              <Reduced_drive_for_PAD05 v="no"/>
              <Reduced_drive_for_PAD06 v="no"/>
              <Reduced_drive_for_PAD07 v="no"/>
            </group>
            <group name="PORT B">
              <Reduced_drive_for_port_B v="no"/>
            </group>
            <group name="PORT E">
              <Reduced_drive_for_port_E v="no"/>
            </group>
            <group name="PORT J">
              <Reduced_drive_for_PJ6 v="no"/>
              <Reduced_drive_for_PJ7 v="no"/>
            </group>
            <group name="PORT M">
              <Reduced_drive_for_PM0 v="no"/>
              <Reduced_drive_for_PM1 v="no"/>
              <Reduced_drive_for_PM2 v="no"/>
              <Reduced_drive_for_PM3 v="no"/>
              <Reduced_drive_for_PM4 v="no"/>
              <Reduced_drive_for_PM5 v="no"/>
            </group>
            <group name="PORT P">
              <Reduced_drive_for_PP0 v="no"/>
              <Reduced_drive_for_PP1 v="no"/>
              <Reduced_drive_for_PP2 v="no"/>
              <Reduced_drive_for_PP3 v="no"/>
              <Reduced_drive_for_PP4 v="no"/>
              <Reduced_drive_for_PP5 v="no"/>
              <Reduced_drive_for_PP6 v="no"/>
              <Reduced_drive_for_PP7 v="no"/>
            </group>
            <group name="PORT S">
              <Reduced_drive_for_PS0 v="no"/>
              <Reduced_drive_for_PS1 v="no"/>
              <Reduced_drive_for_PS2 v="no"/>
              <Reduced_drive_for_PS3 v="no"/>
            </group>
            <group name="PORT T">
              <Reduced_drive_for_PT0 v="no"/>
              <Reduced_drive_for_PT1 v="no"/>
              <Reduced_drive_for_PT2 v="no"/>
              <Reduced_drive_for_PT3 v="no"/>
              <Reduced_drive_for_PT4 v="no"/>
              <Reduced_drive_for_PT5 v="no"/>
              <Reduced_drive_for_PT6 v="no"/>
              <Reduced_drive_for_PT7 v="no"/>
            </group>
          </group>
        </list>
        <list name="Shared PWM module settings" v="1">
        </list>
        <list name="Shared TIM module settings" v="1">
        </list>
      </group>
      <list name="Shared Cpu Interrupts module settings" v="1">
        <group name="CPU interrupts/resets">
          <boolgroup name="Clock monitor reset" v="Disabled" />
          <boolgroup name="IllegalOpcode" v="Disabled" />
          <boolgroup name="SWI" v="Disabled" />
          <boolgroup name="LVD" v="Disabled" />
          <boolgroup name="PLL" v="Disabled" />
          <boolgroup name="SCM" v="Disabled" />
        </group>
      </list>
      <list name="Shared speed modes settings" v="1">
        <group name="Enabled speed modes">
          <boolgroup name="High speed mode" v="Enabled">
            <Internal_bus_clock v="8"/>
            <boolgroup name="PLL clock" v="Enabled">
              <Reference_divider v="Auto select"/>
              <PLL_multiplication_factor v="Auto select"/>
              <PLL_clock_frequency v="16"/>
              <PLL_bandwidth_control v="Automatic Bandwidth Control"/>
              <PLL_mode v="Acquisition mode"/>
            </boolgroup>
          </boolgroup>
          <boolgroup name="Low speed mode" v="Disabled" />
          <boolgroup name="Slow speed mode" v="Disabled" />
        </group>
      </list>
    </Properties>

    <Methods>
      <list name="SharedCpuMethods" v="1">
        <SetHighSpeed v="don&apos;t generate code"/>
        <SetLowSpeed v="don&apos;t generate code"/>
        <SetSlowSpeed v="don&apos;t generate code"/>
        <GetSpeedMode v="don&apos;t generate code"/>
        <SetIntVect v="don&apos;t generate code"/>
        <GetIntVect v="don&apos;t generate code"/>
        <EnableInt v="generate code"/>
        <DisableInt v="generate code"/>
        <SetWaitMode v="generate code"/>
        <SetStopMode v="generate code"/>
        <Delay100US v="generate code"/>
        <GetLowVoltageFlag v="don&apos;t generate code"/>
        <GetPllLockStatusFlag v="don&apos;t generate code"/>
        <GetResetSource v="don&apos;t generate code"/>
      </list>
    </Methods>

    <Events>
      <Event_module_name v="Events"/>
      <list name="SharedCpuEvents" v="1">
        <event name="OnReset" v="don&apos;t generate code" />
        <event name="OnClockMonitorFail" v="don&apos;t generate code" />
        <event name="OnIllegalOpcode" v="don&apos;t generate code" />
        <event name="OnSwINT" v="don&apos;t generate code" />
        <event name="OnLvdStatusChanged" v="don&apos;t generate code" />
        <event name="OnPllLockStatusChanged" v="don&apos;t generate code" />
        <event name="OnSCMChanged" v="don&apos;t generate code" />
      </list>
    </Events>
    <Compiler v="CodeWarrior HC12 C Compiler"/>

    <CompilerProperties>
      <Compiler v="CodeWarrior HC12 C Compiler"/>
      <enumgroup name="Unhandled interrupts" v="One handler for all">
        <Unhandled_int_code>
/*lint -save -e950 Disable MISRA rule (1.1) checking. */
asm(BGND);
/*lint -restore Enable MISRA rule (1.1) checking. */
        </Unhandled_int_code>
      </enumgroup>
      <Generate_macros v="yes"/>
      <group name="User initialization">
        <User_data_declarations>
        </User_data_declarations>
        <User_code_before_PE_initialization>
        </User_code_before_PE_initialization>
        <User_code_after_PE_initialization>
        </User_code_after_PE_initialization>
      </group>
      <boolgroup name="Serial monitor support" v="Disabled" />
      <Memory_model v="Small"/>
      <boolgroup name="Generate PRM file" v="yes">
        <enumgroup name="Stack specification" v="size">
          <Stack_size v="128"/>
        </enumgroup>
        <group name="Memory segments">
          <Set_default_memory_segments v="Click to set default &gt;"/>
          <list name="ROM/RAM segments" v="4">
            <boolgroup name="Segment 0" v="Enabled">
              <Name v="RAM"/>
              <Qualifier v="READ_WRITE"/>
              <Address v="14336"/>
              <Size v="2048"/>
              <boolgroup name="Relocation" v="Disabled" />
              <boolgroup name="Align" v="Disabled" />
              <boolgroup name="Fill pattern" v="Disabled" />
              <Code_overlapping v="overlapping not specified"/>
              <Const_data_overlapping v="overlapping not specified"/>
            </boolgroup>
            <boolgroup name="Segment 1" v="Disabled" />
            <boolgroup name="Segment 2" v="Enabled">
              <Name v="ROM_C000"/>
              <Qualifier v="READ_ONLY"/>
              <Address v="49152"/>
              <Size v="16128"/>
              <boolgroup name="Relocation" v="Disabled" />
              <boolgroup name="Align" v="Disabled" />
              <boolgroup name="Fill pattern" v="Disabled" />
              <Code_overlapping v="overlapping not specified"/>
              <Const_data_overlapping v="overlapping not specified"/>
            </boolgroup>
            <boolgroup name="Segment 3" v="Disabled" />
          </list>
        </group>
        <list name="C_ImportUserPlacement" v="1">
          <boolgroup name="Customize placement" v="Disabled" />
        </list>
      </boolgroup>
    </CompilerProperties>
  </CPU_Bean>

  <Bean name="EI2C1" type="SW_I2C">
    <Enabled v="Y"/>

    <Properties>
      <Component_name v="EI2C1"/>

      <inhrbean type="BitIO">
        <Enabled v="Y"/>
        <Template v="InOutPin"/>

        <Properties>
          <Component_name v="Inhr1"/>
          <Pin_for_I_O v="PT1_PWM1_IOC1"/>
          <Pin_signal v=""/>
          <Pull_resistor sel_value="pull up" v="pull up or no pull"/>
          <Open_drain v="push-pull"/>
          <Reduced_drive_for_PT1 v="no"/>
          <Direction v="Input/Output"/>
          <group name="Initialization">
            <Init__direction v="Output"/>
            <Init__value v="1"/>
          </group>
          <Safe_mode v="no"/>
          <Optimization_for v="speed"/>
        </Properties>

        <Methods>
          <GetDir v="don&apos;t generate code"/>
          <SetDir v="generate code"/>
          <SetInput v="don&apos;t generate code"/>
          <SetOutput v="don&apos;t generate code"/>
          <GetVal v="generate code"/>
          <PutVal v="generate code"/>
          <ClrVal v="generate code"/>
          <SetVal v="generate code"/>
          <NegVal v="generate code"/>
          <GetRawVal v="don&apos;t generate code"/>
        </Methods>

        <Events>
        </Events>
      </inhrbean>

      <inhrbean type="BitIO">
        <Enabled v="Y"/>
        <Template v="InOutPin"/>

        <Properties>
          <Component_name v="Inhr2"/>
          <Pin_for_I_O v="PT0_PWM0_IOC0"/>
          <Pin_signal v=""/>
          <Pull_resistor sel_value="pull up" v="pull up or no pull"/>
          <Open_drain v="push-pull"/>
          <Reduced_drive_for_PT0 v="no"/>
          <Direction v="Input/Output"/>
          <group name="Initialization">
            <Init__direction v="Input"/>
            <Init__value v="1"/>
          </group>
          <Safe_mode v="no"/>
          <Optimization_for v="speed"/>
        </Properties>

        <Methods>
          <GetDir v="don&apos;t generate code"/>
          <SetDir v="generate code"/>
          <SetInput v="don&apos;t generate code"/>
          <SetOutput v="don&apos;t generate code"/>
          <GetVal v="generate code"/>
          <PutVal v="generate code"/>
          <ClrVal v="generate code"/>
          <SetVal v="generate code"/>
          <NegVal v="generate code"/>
          <GetRawVal v="don&apos;t generate code"/>
        </Methods>

        <Events>
        </Events>
      </inhrbean>
      <Mode_selection v="MASTER"/>
      <Slave_address v="8"/>
      <Clock_timeout v="16"/>
      <Output_buffer_size v="0"/>
      <I2C_bus_mode v="STANDARD MODE"/>
      <Automatic_stop_condition v="yes"/>
      <Acknowledge_polling_trials v="2000"/>
      <group name="Initialization">
        <Slave_address_init v="82"/>
        <Enabled_in_init__code v="yes"/>
        <Events_enabled_in_init_ v="yes"/>
      </group>
      <group name="CPU clock/speed selection">
        <High_speed_mode v="Enabled"/>
        <Low_speed_mode v="Enabled"/>
        <Slow_speed_mode v="Enabled"/>
      </group>
    </Properties>

    <Methods>
      <Enable v="don&apos;t generate code"/>
      <Disable v="don&apos;t generate code"/>
      <EnableEvent v="don&apos;t generate code"/>
      <DisableEvent v="don&apos;t generate code"/>
      <SendChar v="generate code"/>
      <RecvChar v="generate code"/>
      <SendBlock v="generate code"/>
      <RecvBlock v="generate code"/>
      <SendStop v="don&apos;t generate code"/>
      <CheckBus v="don&apos;t generate code"/>
      <ClearTxBuf v="don&apos;t generate code"/>
      <CharsInTxBuf v="don&apos;t generate code"/>
      <GetCharsInTxBuf v="don&apos;t generate code"/>
      <SelectSlave v="generate code"/>
      <GetSelected v="generate code"/>
    </Methods>

    <Events>
      <Event_module_name v="Events"/>
      <event name="BeforeNewSpeed" v="don&apos;t generate code" />
      <event name="AfterNewSpeed" v="don&apos;t generate code" />
      <event name="OnRxChar" v="generate code">
        <Event_procedure_name v="EI2C1_OnRxChar"/>
      </event>
      <event name="OnTxChar" v="generate code">
        <Event_procedure_name v="EI2C1_OnTxChar"/>
      </event>
      <event name="OnFreeTxBuf" v="don&apos;t generate code" />
      <event name="OnNACK" v="generate code">
        <Event_procedure_name v="EI2C1_OnNACK"/>
      </event>
    </Events>
  </Bean>

</PE_PROJECT_SETTINGS_DOCUMENTATION>
